text,label
Worked as Machine Learning Engineer with DataVision Analytics from 2022 to 2023.,experience
"Built Time Series Forecasting with Matplotlib, NumPy, EDA.",projects
"Motivated Marketing Executive with knowledge of Social Media Marketing, SEO, Keyword Research, Content Marketing and a strong interest in solving real-world problems.",summary
"HR Executive at Tech Solutions Pvt Ltd, 2024 - Present. Worked on Talent Acquisition related tasks.",experience
"Built Time Series Forecasting with EDA, NumPy, Python.",projects
XYZ College | Master of Business Administration | 2023 - 2025,education
"Motivated Machine Learning Engineer with knowledge of SQL, EDA, NumPy, Pandas and a strong interest in solving real-world problems.",summary
"Project - Sales Analytics Dashboard. Used Power BI, SQL, EDA to solve a practical problem.",projects
"Built Inventory Management System with Python, FastAPI, JavaScript.",projects
"Talent Acquisition Executive at DataVision Analytics, 2019 - 2020. Worked on Employee Engagement related tasks.",experience
"Social Media Manager at PeopleFirst HR, 2023 - 2025. Worked on Meta Ads related tasks.",experience
"Talent Acquisition, Employee Engagement, Payroll, Onboarding, Recruitment",skills
"Bachelor of Business Administration, School of Management, 2021 - 2023",education
Completed Google Data Analytics Professional Certificate,certifications
"Sales Analytics Dashboard: Developed using Machine Learning, Data Cleaning, EDA.",projects
Master of Computer Applications from XYZ College (2022 - 2025),education
"Motivated Machine Learning Engineer with knowledge of Machine Learning, Pandas, Scikit-learn, NumPy and a strong interest in solving real-world problems.",summary
"Technical Skills: Python, JavaScript, MySQL, CSS, Bootstrap, HTML, MongoDB",skills
Worked as Machine Learning Engineer with PeopleFirst HR from 2022 to Present.,experience
"Motivated Software Developer with knowledge of Java, MongoDB, CSS, FastAPI and a strong interest in solving real-world problems.",summary
"Motivated Digital Marketing Executive with knowledge of Content Marketing, Meta Ads, Email Marketing, Social Media Marketing and a strong interest in solving real-world problems.",summary
"Technical Skills: Onboarding, Employee Engagement, Talent Acquisition",skills
Skills: Social Media Marketing | Google Ads | Content Marketing,skills
"Project - Online Booking Platform. Used HTML, JavaScript, FastAPI to solve a practical problem.",projects
"Motivated Full Stack Developer with knowledge of Python, Git, Java, MySQL and a strong interest in solving real-world problems.",summary
Skills: Content Marketing | Social Media Marketing | Meta Ads | Google Analytics | SEO | Email Marketing | Google Ads,skills
"Motivated Data Analyst with knowledge of Pandas, SQL, EDA, Power BI and a strong interest in solving real-world problems.",summary
XYZ College | Master of Business Administration | 2021 - 2025,education
"Power BI, Scikit-learn, Machine Learning, Data Cleaning, Matplotlib, Pandas",skills
"Project - Recruitment Tracking System. Used Onboarding, Communication, Payroll to solve a practical problem.",projects
"Master of Computer Applications, Institute of Technology, 2018 - 2022",education
"Motivated Social Media Manager with knowledge of Google Ads, Social Media Marketing, Content Marketing, Keyword Research and a strong interest in solving real-world problems.",summary
Worked as Marketing Executive with ABC Technologies from 2021 to 2022.,experience
"Motivated Recruiter with knowledge of HRMS, Performance Management, Talent Acquisition, Onboarding and a strong interest in solving real-world problems.",summary
"Motivated Digital Marketing Executive with knowledge of SEO, Google Ads, Google Analytics, Keyword Research and a strong interest in solving real-world problems.",summary
"Motivated Talent Acquisition Executive with knowledge of Onboarding, Communication, Employee Engagement, Payroll and a strong interest in solving real-world problems.",summary
Bachelor of Commerce from School of Management (2023 - 2025),education
Bachelor of Commerce from School of Management (2019 - 2022),education
"Motivated Frontend Developer with knowledge of MySQL, MongoDB, Git, Python and a strong interest in solving real-world problems.",summary
Completed Human Resources Management Certification,certifications
"SEO, Social Media Marketing, Meta Ads, Google Ads, Content Marketing, Email Marketing",skills
Bachelor of Science in Information Technology from ABC University (2020 - 2022),education
Certification: Google Data Analytics Professional Certificate,certifications
"Software Developer at ABC Technologies, 2021 - 2022. Worked on FastAPI related tasks.",experience
Institute of Technology | Bachelor of Computer Applications | 2022 - 2025,education
"Built Marketing Analytics Dashboard with Google Ads, Email Marketing, Content Marketing.",projects
"Technical Skills: Data Cleaning, Python, Power BI, Scikit-learn",skills
Master of Computer Applications from ABC University (2018 - 2022),education
"Built Employee Engagement Analysis with Employee Engagement, HRMS, Payroll.",projects
"Motivated Frontend Developer with knowledge of JavaScript, MongoDB, Python, CSS and a strong interest in solving real-world problems.",summary
Worked as Business Analyst with DataVision Analytics from 2023 to Present.,experience
"Motivated Marketing Executive with knowledge of Google Analytics, Email Marketing, Keyword Research, Google Ads and a strong interest in solving real-world problems.",summary
ABC University | Master of Computer Applications | 2023 - 2026,education
"Motivated SEO Specialist with knowledge of Keyword Research, Content Marketing, Email Marketing, Google Ads and a strong interest in solving real-world problems.",summary
"Social Media Growth Campaign: Developed using Email Marketing, Social Media Marketing, SEO.",projects
Bachelor of Business Administration from School of Management (2023 - 2026),education
"HR Manager at Growth Digital Agency, 2019 - 2020. Worked on Talent Acquisition related tasks.",experience
"Master of Business Administration, School of Management, 2018 - 2020",education
XYZ College | Bachelor of Science in Information Technology | 2018 - 2021,education
"Service Provider System: Developed using Java, MySQL, JavaScript.",projects
"Motivated Social Media Manager with knowledge of Social Media Marketing, Google Ads, Meta Ads, Email Marketing and a strong interest in solving real-world problems.",summary
"Bachelor of Commerce, PES University, 2019 - 2022",education
"Bachelor of Computer Applications, School of Management, 2020 - 2024",education
"Recruitment Tracking System: Developed using Recruitment, HRMS, Payroll.",projects
Worked as HR Executive with DataVision Analytics from 2022 to 2024.,experience
"Business Analyst at PeopleFirst HR, 2022 - 2023. Worked on Python related tasks.",experience
"Motivated Digital Marketing Executive with knowledge of Google Analytics, Meta Ads, Email Marketing, SEO and a strong interest in solving real-world problems.",summary
Bachelor of Commerce from Institute of Technology (2021 - 2023),education
"Motivated SEO Specialist with knowledge of Google Analytics, Content Marketing, Social Media Marketing, Google Ads and a strong interest in solving real-world problems.",summary
"NumPy, Data Cleaning, EDA, SQL, Pandas",skills
XYZ College | Master of Computer Applications | 2023 - 2025,education
School of Management | Bachelor of Commerce | 2020 - 2024,education
"Built Employee Engagement Analysis with Talent Acquisition, Performance Management, HRMS.",projects
"Motivated Digital Marketing Executive with knowledge of SEO, Google Ads, Content Marketing, Meta Ads and a strong interest in solving real-world problems.",summary
"Web Developer at ABC Technologies, 2023 - 2024. Worked on HTML related tasks.",experience
"HR Manager at Growth Digital Agency, 2024 - Present. Worked on Talent Acquisition related tasks.",experience
"Marketing Analytics Dashboard: Developed using Social Media Marketing, Keyword Research, Meta Ads.",projects
PES University | Master of Computer Applications | 2022 - 2026,education
Master of Computer Applications from Institute of Technology (2024 - 2028),education
"Built Digital Marketing Campaign with Keyword Research, Meta Ads, Social Media Marketing.",projects
"Built Recruitment Tracking System with Payroll, Employee Engagement, Communication.",projects
"Data Scientist at PeopleFirst HR, 2023 - 2025. Worked on Data Cleaning related tasks.",experience
"Matplotlib, Power BI, Pandas",skills
"Motivated Social Media Manager with knowledge of SEO, Keyword Research, Google Ads, Google Analytics and a strong interest in solving real-world problems.",summary
"SEO Specialist at PeopleFirst HR, 2021 - 2022. Worked on Keyword Research related tasks.",experience
"Master of Computer Applications, Institute of Technology, 2022 - 2025",education
"Built Anomaly Detection System with EDA, Power BI, Python.",projects
"Technical Skills: Matplotlib, Scikit-learn, Power BI, Python, EDA",skills
Worked as Frontend Developer with PeopleFirst HR from 2023 to Present.,experience
Certification: Python for Data Science Certificate,certifications
"Motivated Full Stack Developer with knowledge of Java, Python, Git, MySQL and a strong interest in solving real-world problems.",summary
"HR Executive at Growth Digital Agency, 2022 - Present. Worked on Onboarding related tasks.",experience
"Master of Computer Applications, XYZ College, 2022 - 2025",education
"Built Employee Engagement Analysis with Recruitment, Onboarding, Communication.",projects
"Motivated HR Manager with knowledge of HRMS, Recruitment, Performance Management, Communication and a strong interest in solving real-world problems.",summary
"Recruiter at ABC Technologies, 2021 - 2022. Worked on Payroll related tasks.",experience
Worked as Recruiter with Growth Digital Agency from 2020 to 2021.,experience
"Motivated Data Analyst with knowledge of SQL, Machine Learning, Power BI, NumPy and a strong interest in solving real-world problems.",summary
"Built Customer Churn Prediction with Python, Data Cleaning, Pandas.",projects
"HR Manager at Growth Digital Agency, 2021 - Present. Worked on HRMS related tasks.",experience
"Social Media Manager at ABC Technologies, 2020 - 2021. Worked on SEO related tasks.",experience
"SEO Specialist at Growth Digital Agency, 2021 - 2022. Worked on Google Analytics related tasks.",experience
"Built Employee Performance Study with Employee Engagement, Payroll, Recruitment.",projects
XYZ College | Bachelor of Business Administration | 2019 - 2022,education
Worked as Talent Acquisition Executive with DataVision Analytics from 2022 to 2023.,experience
Google Data Analytics Professional Certificate,certifications
"Core Skills: Java, HTML, Python",skills
"Motivated Frontend Developer with knowledge of Java, CSS, FastAPI, Git and a strong interest in solving real-world problems.",summary
"Motivated Business Analyst with knowledge of Data Cleaning, NumPy, Machine Learning, Python and a strong interest in solving real-world problems.",summary
"Marketing Executive at DataVision Analytics, 2021 - 2023. Worked on Keyword Research related tasks.",experience
Bachelor of Commerce from PES University (2018 - 2022),education
"Motivated Machine Learning Engineer with knowledge of Pandas, Power BI, SQL, Data Cleaning and a strong interest in solving real-world problems.",summary
Bachelor of Computer Applications from XYZ College (2021 - 2023),education
Bachelor of Science in Information Technology from XYZ College (2022 - 2024),education
"Motivated Talent Acquisition Executive with knowledge of Performance Management, Talent Acquisition, Communication, Recruitment and a strong interest in solving real-world problems.",summary
"Machine Learning Engineer at PeopleFirst HR, 2021 - Present. Worked on Scikit-learn related tasks.",experience
"Social Media Manager at Growth Digital Agency, 2023 - 2025. Worked on SEO related tasks.",experience
"Motivated Data Scientist with knowledge of Machine Learning, Python, Matplotlib, Pandas and a strong interest in solving real-world problems.",summary
"Project - Anomaly Detection System. Used Scikit-learn, NumPy, Data Cleaning to solve a practical problem.",projects
"Built Anomaly Detection System with Python, Machine Learning, Power BI.",projects
Achieved top performer recognition,achievements
Institute of Technology | Master of Computer Applications | 2023 - 2027,education
"Motivated Backend Developer with knowledge of MongoDB, Python, HTML, Bootstrap and a strong interest in solving real-world problems.",summary
Worked as SEO Specialist with DataVision Analytics from 2019 to Present.,experience
"Data Cleaning, Power BI, SQL, NumPy, Scikit-learn, Matplotlib",skills
Skills: Bootstrap | FastAPI | JavaScript | Java | CSS,skills
"Built Digital Marketing Campaign with SEO, Social Media Marketing, Google Analytics.",projects
Worked as Machine Learning Engineer with Tech Solutions Pvt Ltd from 2021 to Present.,experience
"Master of Computer Applications, XYZ College, 2023 - 2025",education
Master of Business Administration from School of Management (2021 - 2025),education
School of Management | Master of Computer Applications | 2020 - 2024,education
"Core Skills: Talent Acquisition, Employee Engagement, Payroll, Recruitment, Performance Management, Onboarding, Communication",skills
"Software Developer at DataVision Analytics, 2023 - 2024. Worked on FastAPI related tasks.",experience
"Motivated SEO Specialist with knowledge of Google Ads, SEO, Keyword Research, Meta Ads and a strong interest in solving real-world problems.",summary
"Motivated Data Analyst with knowledge of Matplotlib, SQL, Machine Learning, Power BI and a strong interest in solving real-world problems.",summary
"Google Analytics, Keyword Research, Meta Ads, Google Ads, SEO, Email Marketing",skills
"Technical Skills: Email Marketing, Content Marketing, SEO, Google Ads, Keyword Research, Meta Ads, Google Analytics",skills
"Motivated Frontend Developer with knowledge of Python, JavaScript, FastAPI, MongoDB and a strong interest in solving real-world problems.",summary
"Technical Skills: Talent Acquisition, HRMS, Performance Management, Communication, Employee Engagement, Onboarding, Recruitment",skills
ABC University | Bachelor of Science in Information Technology | 2018 - 2021,education
"HR Executive at ABC Technologies, 2019 - 2020. Worked on Communication related tasks.",experience
"Motivated Machine Learning Engineer with knowledge of SQL, Python, Data Cleaning, Scikit-learn and a strong interest in solving real-world problems.",summary
"Social Media Growth Campaign: Developed using Content Marketing, Meta Ads, SEO.",projects
"Motivated Web Developer with knowledge of JavaScript, Git, MySQL, CSS and a strong interest in solving real-world problems.",summary
Bachelor of Computer Applications from ABC University (2018 - 2021),education
"Motivated Backend Developer with knowledge of FastAPI, Java, Git, HTML and a strong interest in solving real-world problems.",summary
"Technical Skills: Google Analytics, Google Ads, Keyword Research, SEO, Email Marketing",skills
"Built E-Commerce Web Application with MongoDB, Java, Bootstrap.",projects
"Core Skills: Scikit-learn, Pandas, SQL, Power BI, Python, Data Cleaning, Machine Learning",skills
"E-Commerce Web Application: Developed using Bootstrap, JavaScript, FastAPI.",projects
"Motivated HR Executive with knowledge of Performance Management, Recruitment, HRMS, Onboarding and a strong interest in solving real-world problems.",summary
Worked as Recruiter with Growth Digital Agency from 2023 to Present.,experience
Worked as Frontend Developer with DataVision Analytics from 2022 to 2024.,experience
Bachelor of Commerce from ABC University (2018 - 2020),education
Worked as Talent Acquisition Executive with Tech Solutions Pvt Ltd from 2020 to 2022.,experience
"Web Developer at Growth Digital Agency, 2019 - Present. Worked on CSS related tasks.",experience
"Motivated Recruiter with knowledge of Performance Management, Employee Engagement, Payroll, Communication and a strong interest in solving real-world problems.",summary
"Core Skills: Power BI, Machine Learning, Matplotlib",skills
Achievement: Reduced processing time by 25%,achievements
"Social Media Growth Campaign: Developed using Google Analytics, Google Ads, Email Marketing.",projects
"Project - Customer Churn Prediction. Used Scikit-learn, EDA, Power BI to solve a practical problem.",projects
Skills: Email Marketing | Google Analytics | Social Media Marketing | SEO | Google Ads | Content Marketing | Meta Ads,skills
"Technical Skills: Content Marketing, Email Marketing, Meta Ads",skills
"HR Executive at DataVision Analytics, 2022 - 2023. Worked on Talent Acquisition related tasks.",experience
"Marketing Analytics Dashboard: Developed using Meta Ads, Social Media Marketing, Google Ads.",projects
"Marketing Executive at ABC Technologies, 2021 - Present. Worked on Meta Ads related tasks.",experience
"Data Cleaning, SQL, EDA, Pandas, Scikit-learn, Matplotlib",skills
Master of Business Administration from PES University (2020 - 2024),education
"Technical Skills: Communication, Onboarding, HRMS, Performance Management, Employee Engagement, Payroll, Talent Acquisition",skills
"Bachelor of Commerce, ABC University, 2018 - 2022",education
"Web Developer at Tech Solutions Pvt Ltd, 2024 - 2026. Worked on MongoDB related tasks.",experience
"Motivated Web Developer with knowledge of MongoDB, CSS, FastAPI, Git and a strong interest in solving real-world problems.",summary
"SEO Specialist at ABC Technologies, 2022 - Present. Worked on Social Media Marketing related tasks.",experience
"Core Skills: Python, JavaScript, CSS",skills
"Built Anomaly Detection System with EDA, Power BI, Scikit-learn.",projects
PES University | Bachelor of Computer Applications | 2021 - 2024,education
Skills: HRMS | Employee Engagement | Recruitment | Onboarding | Payroll,skills
"Technical Skills: Keyword Research, Social Media Marketing, Content Marketing, Google Ads, Google Analytics, Email Marketing",skills
"Core Skills: Talent Acquisition, Recruitment, Communication, Onboarding, Performance Management, Employee Engagement, Payroll",skills
"Motivated HR Manager with knowledge of Communication, HRMS, Recruitment, Payroll and a strong interest in solving real-world problems.",summary
"Machine Learning, Power BI, Matplotlib",skills
"Technical Skills: Meta Ads, Social Media Marketing, Google Analytics, Google Ads, Keyword Research, SEO, Email Marketing",skills
"Motivated Web Developer with knowledge of FastAPI, HTML, MySQL, CSS and a strong interest in solving real-world problems.",summary
"Motivated Full Stack Developer with knowledge of Bootstrap, HTML, JavaScript, CSS and a strong interest in solving real-world problems.",summary
"Bachelor of Science in Information Technology, School of Management, 2022 - 2024",education
"Project - Employee Performance Study. Used Recruitment, Communication, Payroll to solve a practical problem.",projects
"Web Developer at PeopleFirst HR, 2019 - 2020. Worked on FastAPI related tasks.",experience
"Digital Marketing Executive at DataVision Analytics, 2024 - 2026. Worked on Google Analytics related tasks.",experience
"MySQL, Java, Git",skills
"Anomaly Detection System: Developed using Pandas, Matplotlib, SQL.",projects
"Project - Digital Marketing Campaign. Used Email Marketing, Meta Ads, Keyword Research to solve a practical problem.",projects
"Motivated Talent Acquisition Executive with knowledge of Recruitment, HRMS, Talent Acquisition, Communication and a strong interest in solving real-world problems.",summary
"Marketing Executive at Tech Solutions Pvt Ltd, 2019 - 2020. Worked on Google Analytics related tasks.",experience
PES University | Bachelor of Commerce | 2023 - 2025,education
"Core Skills: HRMS, Onboarding, Performance Management, Communication, Talent Acquisition",skills
"Core Skills: Performance Management, Payroll, Employee Engagement, Talent Acquisition, Onboarding, HRMS",skills
"Technical Skills: EDA, Machine Learning, SQL, Matplotlib, Power BI, Python",skills
"Employee Performance Study: Developed using Recruitment, Employee Engagement, HRMS.",projects
Skills: SEO | Google Analytics | Meta Ads,skills
"Core Skills: HRMS, Payroll, Performance Management, Employee Engagement, Recruitment",skills
"Employee Engagement Analysis: Developed using Communication, Talent Acquisition, HRMS.",projects
"Master of Computer Applications, School of Management, 2023 - 2025",education
"Project - Digital Marketing Campaign. Used Meta Ads, Content Marketing, Social Media Marketing to solve a practical problem.",projects
"Built Anomaly Detection System with Python, NumPy, Power BI.",projects
"Motivated Data Analyst with knowledge of SQL, EDA, NumPy, Scikit-learn and a strong interest in solving real-world problems.",summary
"Motivated HR Executive with knowledge of Payroll, Communication, Employee Engagement, Onboarding and a strong interest in solving real-world problems.",summary
"Service Provider System: Developed using FastAPI, MySQL, Bootstrap.",projects
"Motivated Frontend Developer with knowledge of FastAPI, CSS, Java, MySQL and a strong interest in solving real-world problems.",summary
Master of Business Administration from Institute of Technology (2021 - 2024),education
Skills: Employee Engagement | Performance Management | Onboarding | Recruitment | Talent Acquisition | Communication | Payroll,skills
School of Management | Bachelor of Computer Applications | 2021 - 2023,education
Bachelor of Computer Applications from PES University (2021 - 2025),education
"Motivated Digital Marketing Executive with knowledge of Email Marketing, Keyword Research, Meta Ads, SEO and a strong interest in solving real-world problems.",summary
"Built Time Series Forecasting with EDA, Data Cleaning, Power BI.",projects
"Motivated Data Analyst with knowledge of Pandas, Power BI, Machine Learning, Data Cleaning and a strong interest in solving real-world problems.",summary
Worked as Talent Acquisition Executive with DataVision Analytics from 2019 to 2020.,experience
"Built E-Commerce Web Application with Bootstrap, CSS, Java.",projects
"HR Manager at Tech Solutions Pvt Ltd, 2020 - Present. Worked on Communication related tasks.",experience
Worked as Frontend Developer with ABC Technologies from 2024 to 2026.,experience
"Project - Customer Churn Prediction. Used Power BI, Scikit-learn, EDA to solve a practical problem.",projects
"Employee Engagement Analysis: Developed using Recruitment, Onboarding, Performance Management.",projects
"Motivated HR Manager with knowledge of HRMS, Payroll, Communication, Recruitment and a strong interest in solving real-world problems.",summary
Bachelor of Commerce from XYZ College (2019 - 2021),education
Worked as Frontend Developer with DataVision Analytics from 2023 to 2024.,experience
Worked as Business Analyst with Growth Digital Agency from 2019 to Present.,experience
"Google Ads, SEO, Google Analytics, Content Marketing, Meta Ads",skills
"Motivated Recruiter with knowledge of Communication, Payroll, Recruitment, Talent Acquisition and a strong interest in solving real-world problems.",summary
Worked as Social Media Manager with Tech Solutions Pvt Ltd from 2019 to Present.,experience
Worked as Frontend Developer with ABC Technologies from 2022 to 2024.,experience
"Master of Business Administration, ABC University, 2022 - 2026",education
"Online Booking Platform: Developed using CSS, HTML, Java.",projects
Worked as Data Analyst with Tech Solutions Pvt Ltd from 2019 to Present.,experience
"Motivated Software Developer with knowledge of Python, HTML, Java, Git and a strong interest in solving real-world problems.",summary
"Bachelor of Commerce, Institute of Technology, 2020 - 2024",education
"Data Analyst at PeopleFirst HR, 2019 - Present. Worked on SQL related tasks.",experience
"Built HR Analytics Dashboard with Talent Acquisition, Payroll, Recruitment.",projects
"Project - Online Booking Platform. Used JavaScript, Java, Bootstrap to solve a practical problem.",projects
"Core Skills: Data Cleaning, Scikit-learn, NumPy, EDA, Pandas, SQL, Machine Learning",skills
"Built SEO Optimization Project with Google Analytics, Keyword Research, Social Media Marketing.",projects
"Communication, Talent Acquisition, Performance Management, Onboarding, HRMS",skills
"Project - Digital Marketing Campaign. Used Meta Ads, SEO, Google Ads to solve a practical problem.",projects
Skills: HRMS | Recruitment | Onboarding | Performance Management | Payroll,skills
"Motivated Recruiter with knowledge of Talent Acquisition, Onboarding, Employee Engagement, HRMS and a strong interest in solving real-world problems.",summary
"Technical Skills: Performance Management, Payroll, HRMS, Communication, Onboarding, Talent Acquisition",skills
"Project - Marketing Analytics Dashboard. Used Social Media Marketing, Google Analytics, Google Ads to solve a practical problem.",projects
Worked as Software Developer with DataVision Analytics from 2019 to 2021.,experience
"Motivated Data Scientist with knowledge of Scikit-learn, Pandas, SQL, NumPy and a strong interest in solving real-world problems.",summary
Human Resources Management Certification,certifications
Bachelor of Science in Information Technology from School of Management (2023 - 2027),education
"HR Analytics Dashboard: Developed using HRMS, Payroll, Recruitment.",projects
"Motivated Digital Marketing Executive with knowledge of SEO, Google Analytics, Email Marketing, Keyword Research and a strong interest in solving real-world problems.",summary
XYZ College | Master of Business Administration | 2022 - 2025,education
"Motivated SEO Specialist with knowledge of Content Marketing, SEO, Google Analytics, Google Ads and a strong interest in solving real-world problems.",summary
"Frontend Developer at ABC Technologies, 2023 - 2024. Worked on Git related tasks.",experience
"Marketing Executive at DataVision Analytics, 2020 - 2022. Worked on Social Media Marketing related tasks.",experience
"Core Skills: Matplotlib, Power BI, Python, SQL",skills
Skills: Data Cleaning | NumPy | Machine Learning | Pandas | EDA | Power BI,skills
"Full Stack Developer at Growth Digital Agency, 2019 - Present. Worked on MongoDB related tasks.",experience
"Master of Business Administration, PES University, 2019 - 2021",education
"Motivated HR Manager with knowledge of Communication, Talent Acquisition, Employee Engagement, Payroll and a strong interest in solving real-world problems.",summary
"Project - Marketing Analytics Dashboard. Used Keyword Research, Google Analytics, Content Marketing to solve a practical problem.",projects
Certified in Python for Data Science Certificate,certifications
"Motivated Data Analyst with knowledge of EDA, Pandas, Scikit-learn, Matplotlib and a strong interest in solving real-world problems.",summary
Certified in Google Data Analytics Professional Certificate,certifications
"Online Booking Platform: Developed using Python, Bootstrap, CSS.",projects
"Business Analyst at DataVision Analytics, 2023 - 2024. Worked on NumPy related tasks.",experience
School of Management | Bachelor of Computer Applications | 2019 - 2022,education
Email: candidate@example.com,other
"Motivated SEO Specialist with knowledge of Social Media Marketing, Email Marketing, Google Analytics, SEO and a strong interest in solving real-world problems.",summary
"Project - Service Provider System. Used Bootstrap, Java, HTML to solve a practical problem.",projects
"Motivated Data Scientist with knowledge of Scikit-learn, NumPy, Python, Matplotlib and a strong interest in solving real-world problems.",summary
School of Management | Bachelor of Computer Applications | 2018 - 2021,education
"Core Skills: Scikit-learn, Python, Pandas, Data Cleaning, Power BI, Machine Learning, Matplotlib",skills
Worked as Data Scientist with DataVision Analytics from 2024 to 2026.,experience
Worked as Marketing Executive with Tech Solutions Pvt Ltd from 2019 to 2021.,experience
"Master of Business Administration, Institute of Technology, 2022 - 2026",education
"Technical Skills: Pandas, Python, Scikit-learn, Machine Learning, SQL",skills
Certification: Digital Marketing Certification,certifications
"Digital Marketing Campaign: Developed using Email Marketing, Social Media Marketing, Keyword Research.",projects
"Digital Marketing Executive at DataVision Analytics, 2023 - 2025. Worked on Social Media Marketing related tasks.",experience
Worked as Recruiter with DataVision Analytics from 2019 to 2020.,experience
"Bachelor of Business Administration, School of Management, 2023 - 2026",education
Worked as HR Executive with Growth Digital Agency from 2024 to 2026.,experience
"Built Time Series Forecasting with Scikit-learn, Machine Learning, Pandas.",projects
Skills: MongoDB | Java | JavaScript | Python,skills
"Scikit-learn, NumPy, Machine Learning",skills
"Social Media Marketing, Google Analytics, Meta Ads, SEO, Google Ads, Content Marketing",skills
"Technical Skills: Payroll, Employee Engagement, Talent Acquisition",skills
"Built Marketing Analytics Dashboard with Social Media Marketing, Content Marketing, Email Marketing.",projects
Bachelor of Business Administration from PES University (2022 - 2025),education
"Pandas, Machine Learning, SQL",skills
PES University | Bachelor of Computer Applications | 2021 - 2023,education
"Technical Skills: MySQL, Java, Python, Bootstrap, CSS, MongoDB",skills
Skills: JavaScript | Bootstrap | FastAPI,skills
"Recruiter at ABC Technologies, 2020 - Present. Worked on HRMS related tasks.",experience
"Motivated Software Developer with knowledge of FastAPI, Java, Bootstrap, Git and a strong interest in solving real-world problems.",summary
Worked as Marketing Executive with PeopleFirst HR from 2021 to 2023.,experience
"Built Marketing Analytics Dashboard with SEO, Keyword Research, Google Ads.",projects
"Motivated Frontend Developer with knowledge of JavaScript, HTML, Bootstrap, Python and a strong interest in solving real-world problems.",summary
"Motivated Data Analyst with knowledge of SQL, NumPy, Pandas, EDA and a strong interest in solving real-world problems.",summary
XYZ College | Bachelor of Computer Applications | 2021 - 2025,education
"Data Cleaning, Scikit-learn, Machine Learning",skills
"Google Analytics, Email Marketing, Meta Ads",skills
Worked as Marketing Executive with ABC Technologies from 2022 to 2023.,experience
Worked as Digital Marketing Executive with Tech Solutions Pvt Ltd from 2019 to Present.,experience
"Data Scientist at Growth Digital Agency, 2019 - 2021. Worked on Pandas related tasks.",experience
"Project - Inventory Management System. Used Java, CSS, FastAPI to solve a practical problem.",projects
Skills: Meta Ads | SEO | Google Analytics | Social Media Marketing | Content Marketing,skills
"Machine Learning, Python, Scikit-learn",skills
Worked as Recruiter with DataVision Analytics from 2023 to Present.,experience
Skills: Bootstrap | MySQL | FastAPI,skills
"Core Skills: Google Analytics, Keyword Research, Social Media Marketing, Google Ads",skills
"Bachelor of Business Administration, ABC University, 2021 - 2025",education
PES University | Bachelor of Computer Applications | 2018 - 2020,education
"Built E-Commerce Web Application with Python, FastAPI, MySQL.",projects
"Bachelor of Computer Applications, XYZ College, 2021 - 2023",education
"Inventory Management System: Developed using Git, MongoDB, MySQL.",projects
"Bachelor of Business Administration, ABC University, 2022 - 2026",education
"Backend Developer at PeopleFirst HR, 2023 - 2025. Worked on FastAPI related tasks.",experience
"Motivated Talent Acquisition Executive with knowledge of Employee Engagement, Onboarding, Recruitment, Communication and a strong interest in solving real-world problems.",summary
Won first prize in college project competition,achievements
Date of Birth: 12 January 2002,other
"Motivated Data Scientist with knowledge of EDA, Python, Power BI, Scikit-learn and a strong interest in solving real-world problems.",summary
XYZ College | Bachelor of Business Administration | 2018 - 2022,education
Phone: +91 9876543210,other
"Bachelor of Science in Information Technology, ABC University, 2021 - 2024",education
"Scikit-learn, Data Cleaning, Python, EDA, NumPy, Power BI, Matplotlib",skills
"Built Social Media Growth Campaign with SEO, Social Media Marketing, Email Marketing.",projects
"Core Skills: Talent Acquisition, Onboarding, Performance Management, Payroll",skills
"Technical Skills: Content Marketing, Google Analytics, SEO",skills
Skills: MySQL | Git | HTML | MongoDB | CSS | Java,skills
"Motivated Frontend Developer with knowledge of JavaScript, Bootstrap, MongoDB, Java and a strong interest in solving real-world problems.",summary
Bachelor of Computer Applications from School of Management (2022 - 2024),education
Worked as Digital Marketing Executive with DataVision Analytics from 2023 to 2025.,experience
"Built Service Provider System with Git, HTML, Python.",projects
"Motivated Business Analyst with knowledge of NumPy, EDA, Pandas, Power BI and a strong interest in solving real-world problems.",summary
"Recruiter at PeopleFirst HR, 2022 - 2024. Worked on Onboarding related tasks.",experience
Bachelor of Business Administration from School of Management (2024 - 2028),education
"Built SEO Optimization Project with Social Media Marketing, Content Marketing, Email Marketing.",projects
"Motivated Business Analyst with knowledge of EDA, Matplotlib, Pandas, Python and a strong interest in solving real-world problems.",summary
"Motivated Business Analyst with knowledge of Scikit-learn, Machine Learning, Data Cleaning, SQL and a strong interest in solving real-world problems.",summary
"Built E-Commerce Web Application with Java, Bootstrap, FastAPI.",projects
Worked as Software Developer with DataVision Analytics from 2022 to 2024.,experience
"Motivated Data Scientist with knowledge of Machine Learning, Pandas, Python, EDA and a strong interest in solving real-world problems.",summary
ABC University | Master of Business Administration | 2021 - 2025,education
"Sales Analytics Dashboard: Developed using Scikit-learn, Matplotlib, EDA.",projects
"Project - Online Booking Platform. Used FastAPI, Bootstrap, JavaScript to solve a practical problem.",projects
"Online Booking Platform: Developed using Git, MySQL, HTML.",projects
Master of Business Administration from School of Management (2023 - 2026),education
"Built Employee Performance Study with HRMS, Payroll, Onboarding.",projects
"Built Recruitment Tracking System with Talent Acquisition, Employee Engagement, Onboarding.",projects
"Master of Computer Applications, XYZ College, 2018 - 2020",education
"Bachelor of Science in Information Technology, Institute of Technology, 2022 - 2025",education
Completed Python for Data Science Certificate,certifications
"Bachelor of Science in Information Technology, XYZ College, 2022 - 2026",education
Python for Data Science Certificate,certifications
"Project - Anomaly Detection System. Used Matplotlib, Data Cleaning, Pandas to solve a practical problem.",projects
"Bachelor of Science in Information Technology, ABC University, 2022 - 2025",education
"Built SEO Optimization Project with Social Media Marketing, Google Ads, Meta Ads.",projects
PES University | Bachelor of Science in Information Technology | 2020 - 2023,education
"Project - Sales Analytics Dashboard. Used Pandas, EDA, Matplotlib to solve a practical problem.",projects
"Motivated Marketing Executive with knowledge of Meta Ads, Google Analytics, Social Media Marketing, Keyword Research and a strong interest in solving real-world problems.",summary
"Core Skills: CSS, MongoDB, JavaScript, Python, HTML, MySQL",skills
"Motivated Data Scientist with knowledge of Scikit-learn, Data Cleaning, NumPy, Machine Learning and a strong interest in solving real-world problems.",summary
Worked as Web Developer with Growth Digital Agency from 2021 to 2022.,experience
"Machine Learning Engineer at DataVision Analytics, 2023 - Present. Worked on EDA related tasks.",experience
"Motivated Machine Learning Engineer with knowledge of SQL, Pandas, Scikit-learn, Python and a strong interest in solving real-world problems.",summary
Worked as Data Analyst with DataVision Analytics from 2021 to Present.,experience
Worked as Data Scientist with Growth Digital Agency from 2019 to Present.,experience
"Technical Skills: Google Analytics, Email Marketing, Social Media Marketing, Google Ads, Keyword Research",skills
"Project - Anomaly Detection System. Used SQL, NumPy, Pandas to solve a practical problem.",projects
Worked as Data Analyst with ABC Technologies from 2024 to 2025.,experience
"Built Sales Analytics Dashboard with Power BI, Pandas, Scikit-learn.",projects
Worked as HR Executive with Growth Digital Agency from 2023 to Present.,experience
"Bachelor of Commerce, PES University, 2023 - 2026",education
Award: Achieved top performer recognition,achievements
Worked as Machine Learning Engineer with DataVision Analytics from 2023 to 2025.,experience
"Motivated Marketing Executive with knowledge of Keyword Research, Google Analytics, Google Ads, Social Media Marketing and a strong interest in solving real-world problems.",summary
Worked as Social Media Manager with Growth Digital Agency from 2021 to 2023.,experience
"Anomaly Detection System: Developed using Python, EDA, Machine Learning.",projects
Skills: Content Marketing | Google Analytics | SEO | Social Media Marketing | Email Marketing,skills
Worked as Digital Marketing Executive with DataVision Analytics from 2023 to 2024.,experience
Recognized for: Reduced processing time by 25%,achievements
"Technical Skills: Email Marketing, Content Marketing, SEO, Social Media Marketing",skills
"Motivated HR Manager with knowledge of Payroll, Recruitment, Communication, Onboarding and a strong interest in solving real-world problems.",summary
Recognized for: Improved campaign engagement by 35%,achievements
"Motivated Talent Acquisition Executive with knowledge of Communication, Recruitment, Employee Engagement, Onboarding and a strong interest in solving real-world problems.",summary
"Motivated Recruiter with knowledge of Communication, Payroll, Performance Management, Talent Acquisition and a strong interest in solving real-world problems.",summary
Worked as SEO Specialist with Tech Solutions Pvt Ltd from 2023 to 2025.,experience
"Motivated Talent Acquisition Executive with knowledge of Communication, Talent Acquisition, Onboarding, Payroll and a strong interest in solving real-world problems.",summary
"Bachelor of Commerce, PES University, 2019 - 2023",education
"Customer Churn Prediction: Developed using Pandas, NumPy, EDA.",projects
"Motivated Frontend Developer with knowledge of HTML, Python, Git, CSS and a strong interest in solving real-world problems.",summary
Worked as Data Analyst with Tech Solutions Pvt Ltd from 2020 to 2022.,experience
"Talent Acquisition, Payroll, Employee Engagement, Onboarding, Communication, Performance Management, Recruitment",skills
"Motivated Software Developer with knowledge of Python, CSS, HTML, Java and a strong interest in solving real-world problems.",summary
"Core Skills: Employee Engagement, Recruitment, Talent Acquisition, Payroll, HRMS, Communication, Performance Management",skills
"Motivated HR Manager with knowledge of Payroll, Communication, Onboarding, Performance Management and a strong interest in solving real-world problems.",summary
"Motivated Business Analyst with knowledge of EDA, Python, SQL, Matplotlib and a strong interest in solving real-world problems.",summary
"Technical Skills: Java, HTML, CSS, FastAPI, Bootstrap, MySQL",skills
"Core Skills: JavaScript, CSS, Python, MySQL, Git, FastAPI",skills
PES University | Master of Business Administration | 2024 - 2026,education
"Motivated SEO Specialist with knowledge of Content Marketing, Keyword Research, Social Media Marketing, Google Ads and a strong interest in solving real-world problems.",summary
"Project - SEO Optimization Project. Used SEO, Email Marketing, Google Ads to solve a practical problem.",projects
"Pandas, Matplotlib, Machine Learning",skills
"Email Marketing, Google Analytics, Social Media Marketing, Meta Ads, Google Ads, Keyword Research",skills
"Software Developer at PeopleFirst HR, 2022 - 2024. Worked on Git related tasks.",experience
"Machine Learning, Scikit-learn, Python",skills
Institute of Technology | Bachelor of Business Administration | 2018 - 2022,education
Reduced processing time by 25%,achievements
"Marketing Executive at ABC Technologies, 2022 - 2024. Worked on Meta Ads related tasks.",experience
Worked as HR Manager with DataVision Analytics from 2024 to 2026.,experience
"SEO Specialist at Growth Digital Agency, 2020 - 2022. Worked on Meta Ads related tasks.",experience
Skills: JavaScript | Git | MongoDB | Python | CSS | HTML | Java,skills
"Built Employee Engagement Analysis with Recruitment, HRMS, Talent Acquisition.",projects
"Bachelor of Science in Information Technology, PES University, 2023 - 2025",education
Master of Business Administration from Institute of Technology (2020 - 2022),education
"Core Skills: SQL, Power BI, Pandas, Scikit-learn, Python, Machine Learning",skills
"Project - Customer Churn Prediction. Used NumPy, Data Cleaning, Matplotlib to solve a practical problem.",projects
"Motivated Recruiter with knowledge of Payroll, Employee Engagement, Performance Management, Onboarding and a strong interest in solving real-world problems.",summary
"Motivated Web Developer with knowledge of CSS, Bootstrap, HTML, MongoDB and a strong interest in solving real-world problems.",summary
"E-Commerce Web Application: Developed using Bootstrap, CSS, Git.",projects
Worked as Machine Learning Engineer with ABC Technologies from 2022 to 2023.,experience
Bachelor of Science in Information Technology from School of Management (2020 - 2024),education
"E-Commerce Web Application: Developed using HTML, JavaScript, CSS.",projects
Master of Computer Applications from ABC University (2021 - 2023),education
"Motivated Recruiter with knowledge of Talent Acquisition, Performance Management, Communication, Employee Engagement and a strong interest in solving real-world problems.",summary
"Data Scientist at PeopleFirst HR, 2020 - Present. Worked on Matplotlib related tasks.",experience
Skills: Google Ads | Content Marketing | Keyword Research,skills
School of Management | Master of Computer Applications | 2021 - 2023,education
"Machine Learning Engineer at Tech Solutions Pvt Ltd, 2022 - Present. Worked on Machine Learning related tasks.",experience
Skills: Recruitment | Payroll | Communication | Employee Engagement | Performance Management | HRMS,skills
Award: Received Employee of the Month award,achievements
"Marketing Executive at Growth Digital Agency, 2021 - 2023. Worked on Content Marketing related tasks.",experience
"Motivated Web Developer with knowledge of Bootstrap, HTML, MySQL, MongoDB and a strong interest in solving real-world problems.",summary
"Project - Online Booking Platform. Used MongoDB, FastAPI, Java to solve a practical problem.",projects
Bachelor of Commerce from School of Management (2021 - 2024),education
"SEO Specialist at DataVision Analytics, 2021 - Present. Worked on Content Marketing related tasks.",experience
"Technical Skills: HRMS, Performance Management, Onboarding, Payroll, Talent Acquisition, Employee Engagement",skills
"Master of Business Administration, ABC University, 2023 - 2026",education
"Motivated Software Developer with knowledge of Python, HTML, CSS, Git and a strong interest in solving real-world problems.",summary
"Customer Churn Prediction: Developed using Scikit-learn, Python, Machine Learning.",projects
"Built Social Media Growth Campaign with Google Analytics, Meta Ads, Social Media Marketing.",projects
PES University | Master of Business Administration | 2018 - 2022,education
Worked as Recruiter with PeopleFirst HR from 2020 to 2022.,experience
"Built Online Booking Platform with JavaScript, Git, Python.",projects
Skills: Git | FastAPI | HTML | MongoDB,skills
"Bachelor of Commerce, School of Management, 2024 - 2027",education
Certified in AWS Cloud Practitioner Certification,certifications
"Marketing Analytics Dashboard: Developed using Keyword Research, Email Marketing, Google Analytics.",projects
"Motivated Web Developer with knowledge of MySQL, MongoDB, CSS, Git and a strong interest in solving real-world problems.",summary
"Recruitment Tracking System: Developed using Onboarding, Employee Engagement, Talent Acquisition.",projects
"Motivated Business Analyst with knowledge of NumPy, Data Cleaning, Machine Learning, SQL and a strong interest in solving real-world problems.",summary
"Data Cleaning, SQL, NumPy",skills
Skills: SEO | Content Marketing | Google Analytics | Meta Ads | Google Ads | Social Media Marketing,skills
"Core Skills: Talent Acquisition, Employee Engagement, HRMS, Payroll",skills
Institute of Technology | Bachelor of Business Administration | 2022 - 2024,education
"Marketing Executive at DataVision Analytics, 2023 - 2025. Worked on Social Media Marketing related tasks.",experience
"Built Online Booking Platform with Java, Bootstrap, FastAPI.",projects
"Project - SEO Optimization Project. Used Keyword Research, Meta Ads, SEO to solve a practical problem.",projects
"HTML, Java, FastAPI, Python, Bootstrap",skills
Certification: Human Resources Management Certification,certifications
XYZ College | Master of Computer Applications | 2021 - 2023,education
"Technical Skills: EDA, Power BI, Python, NumPy, Pandas",skills
"Full Stack Developer at PeopleFirst HR, 2021 - 2022. Worked on Java related tasks.",experience
"Project - Inventory Management System. Used MongoDB, MySQL, HTML to solve a practical problem.",projects
"Motivated HR Manager with knowledge of Onboarding, Payroll, Recruitment, Employee Engagement and a strong interest in solving real-world problems.",summary
"Built Marketing Analytics Dashboard with SEO, Social Media Marketing, Email Marketing.",projects
"Bachelor of Business Administration, School of Management, 2024 - 2028",education
Skills: SQL | Python | Scikit-learn | Machine Learning,skills
"Core Skills: FastAPI, JavaScript, Java, HTML",skills
Skills: Onboarding | Recruitment | HRMS,skills
"Motivated HR Manager with knowledge of Communication, Talent Acquisition, HRMS, Onboarding and a strong interest in solving real-world problems.",summary
"Project - Time Series Forecasting. Used NumPy, Pandas, Python to solve a practical problem.",projects
"Project - Marketing Analytics Dashboard. Used Google Analytics, Email Marketing, Meta Ads to solve a practical problem.",projects
"Motivated Recruiter with knowledge of Communication, HRMS, Onboarding, Performance Management and a strong interest in solving real-world problems.",summary
"Business Analyst at PeopleFirst HR, 2022 - 2024. Worked on Matplotlib related tasks.",experience
"Data Cleaning, Machine Learning, Scikit-learn",skills
"Motivated HR Executive with knowledge of Performance Management, HRMS, Communication, Recruitment and a strong interest in solving real-world problems.",summary
"Motivated Backend Developer with knowledge of Java, MongoDB, Git, CSS and a strong interest in solving real-world problems.",summary
"Project - Recruitment Tracking System. Used Employee Engagement, HRMS, Talent Acquisition to solve a practical problem.",projects
"SEO Specialist at DataVision Analytics, 2022 - 2023. Worked on Google Analytics related tasks.",experience
"Core Skills: Power BI, Machine Learning, Pandas, SQL, EDA",skills
"Built Marketing Analytics Dashboard with Keyword Research, Email Marketing, Meta Ads.",projects
Certified in Digital Marketing Certification,certifications
Worked as Web Developer with Tech Solutions Pvt Ltd from 2024 to 2025.,experience
XYZ College | Master of Business Administration | 2020 - 2022,education
"Bootstrap, Java, FastAPI, MySQL, CSS",skills
"Project - Time Series Forecasting. Used Matplotlib, Python, NumPy to solve a practical problem.",projects
"Recruitment Tracking System: Developed using Onboarding, Communication, Recruitment.",projects
Worked as Data Analyst with Growth Digital Agency from 2021 to 2023.,experience
Achievement: Won first prize in college project competition,achievements
"Backend Developer at PeopleFirst HR, 2024 - 2025. Worked on Python related tasks.",experience
School of Management | Master of Business Administration | 2019 - 2022,education
Skills: Google Analytics | Email Marketing | Google Ads | Meta Ads | Content Marketing,skills
"Project - Inventory Management System. Used JavaScript, FastAPI, MySQL to solve a practical problem.",projects
"Backend Developer at PeopleFirst HR, 2021 - 2023. Worked on MySQL related tasks.",experience
"Core Skills: Social Media Marketing, Content Marketing, Email Marketing",skills
"Bachelor of Computer Applications, Institute of Technology, 2024 - 2027",education
"Surat, Gujarat, India",other
Worked as Business Analyst with Tech Solutions Pvt Ltd from 2023 to Present.,experience
"Built Digital Marketing Campaign with Google Analytics, Email Marketing, Content Marketing.",projects
"Project - Anomaly Detection System. Used SQL, Python, NumPy to solve a practical problem.",projects
"Digital Marketing Campaign: Developed using Google Analytics, Meta Ads, Email Marketing.",projects
"Motivated SEO Specialist with knowledge of Keyword Research, Google Analytics, Meta Ads, Content Marketing and a strong interest in solving real-world problems.",summary
"Built Digital Marketing Campaign with SEO, Email Marketing, Google Analytics.",projects
"Motivated Marketing Executive with knowledge of Meta Ads, Google Analytics, Keyword Research, SEO and a strong interest in solving real-world problems.",summary
Award: Improved campaign engagement by 35%,achievements
"Data Analyst at Tech Solutions Pvt Ltd, 2019 - 2020. Worked on Scikit-learn related tasks.",experience
Institute of Technology | Bachelor of Science in Information Technology | 2019 - 2022,education
"Built Time Series Forecasting with Scikit-learn, Power BI, Data Cleaning.",projects
"Built Online Booking Platform with Java, FastAPI, Python.",projects
"Online Booking Platform: Developed using JavaScript, Bootstrap, Python.",projects
"Employee Engagement Analysis: Developed using Communication, Employee Engagement, Onboarding.",projects
"Motivated Data Scientist with knowledge of NumPy, Pandas, EDA, Matplotlib and a strong interest in solving real-world problems.",summary
"Motivated Web Developer with knowledge of MongoDB, HTML, Git, Python and a strong interest in solving real-world problems.",summary
"Software Developer at ABC Technologies, 2019 - 2021. Worked on MongoDB related tasks.",experience
"Core Skills: Email Marketing, SEO, Google Ads, Google Analytics",skills
"Data Analyst at PeopleFirst HR, 2019 - 2021. Worked on Pandas related tasks.",experience
"Project - E-Commerce Web Application. Used CSS, MySQL, MongoDB to solve a practical problem.",projects
"Motivated Talent Acquisition Executive with knowledge of Performance Management, Communication, HRMS, Recruitment and a strong interest in solving real-world problems.",summary
"Data Scientist at Growth Digital Agency, 2024 - Present. Worked on Pandas related tasks.",experience
"Bachelor of Business Administration, XYZ College, 2019 - 2022",education
"Technical Skills: Employee Engagement, Communication, Talent Acquisition",skills
"Core Skills: Employee Engagement, Payroll, HRMS, Talent Acquisition",skills
"Motivated Talent Acquisition Executive with knowledge of Payroll, Onboarding, Performance Management, Communication and a strong interest in solving real-world problems.",summary
"Built HR Analytics Dashboard with Employee Engagement, Talent Acquisition, Onboarding.",projects
"Project - Employee Performance Study. Used Payroll, Onboarding, Employee Engagement to solve a practical problem.",projects
"Bachelor of Science in Information Technology, XYZ College, 2022 - 2025",education
Digital Marketing Certification,certifications
"Languages: English, Hindi, Gujarati",other
"Core Skills: HTML, CSS, JavaScript",skills
Certified in Human Resources Management Certification,certifications
"Project - Time Series Forecasting. Used Python, Data Cleaning, Scikit-learn to solve a practical problem.",projects
"Motivated Recruiter with knowledge of HRMS, Talent Acquisition, Payroll, Communication and a strong interest in solving real-world problems.",summary
"Core Skills: Talent Acquisition, HRMS, Performance Management, Onboarding, Recruitment",skills
"Built Digital Marketing Campaign with Google Ads, SEO, Meta Ads.",projects
"Motivated Data Scientist with knowledge of EDA, Data Cleaning, Pandas, NumPy and a strong interest in solving real-world problems.",summary
Skills: Git | MySQL | JavaScript | HTML | CSS,skills
"Motivated Machine Learning Engineer with knowledge of Python, Power BI, NumPy, EDA and a strong interest in solving real-world problems.",summary
LinkedIn: linkedin.com/in/candidate,other
"HR Analytics Dashboard: Developed using Onboarding, Performance Management, Talent Acquisition.",projects
"Built Recruitment Tracking System with Payroll, Performance Management, Employee Engagement.",projects
Institute of Technology | Master of Business Administration | 2024 - 2027,education
"Project - Inventory Management System. Used JavaScript, Python, Java to solve a practical problem.",projects
"Motivated Digital Marketing Executive with knowledge of Email Marketing, Google Analytics, Meta Ads, Keyword Research and a strong interest in solving real-world problems.",summary
Institute of Technology | Bachelor of Commerce | 2021 - 2023,education
"Motivated Business Analyst with knowledge of Scikit-learn, Python, SQL, Power BI and a strong interest in solving real-world problems.",summary
"Motivated HR Executive with knowledge of Performance Management, HRMS, Talent Acquisition, Employee Engagement and a strong interest in solving real-world problems.",summary
"Core Skills: Keyword Research, Google Ads, SEO, Google Analytics, Email Marketing, Content Marketing, Social Media Marketing",skills
"Technical Skills: Email Marketing, SEO, Meta Ads",skills
Bachelor of Business Administration from XYZ College (2023 - 2025),education
Skills: Employee Engagement | HRMS | Payroll | Talent Acquisition | Performance Management | Recruitment | Communication,skills
"Built Service Provider System with MongoDB, Python, FastAPI.",projects
"Motivated Frontend Developer with knowledge of Python, HTML, Git, FastAPI and a strong interest in solving real-world problems.",summary
"Motivated Social Media Manager with knowledge of Content Marketing, Email Marketing, SEO, Meta Ads and a strong interest in solving real-world problems.",summary
"Motivated Social Media Manager with knowledge of Meta Ads, Google Ads, Social Media Marketing, Content Marketing and a strong interest in solving real-world problems.",summary
"SEO Optimization Project: Developed using Google Analytics, Email Marketing, Meta Ads.",projects
"Technical Skills: Java, HTML, MongoDB, JavaScript, Bootstrap, Python, Git",skills
"Project - Time Series Forecasting. Used Python, Data Cleaning, Matplotlib to solve a practical problem.",projects
Skills: NumPy | EDA | Pandas,skills
Recognized for: Achieved top performer recognition,achievements
XYZ College | Master of Business Administration | 2018 - 2021,education
"Inventory Management System: Developed using CSS, Java, FastAPI.",projects
"Data Analyst at Tech Solutions Pvt Ltd, 2021 - Present. Worked on Scikit-learn related tasks.",experience
Worked as Full Stack Developer with ABC Technologies from 2022 to Present.,experience
"Bachelor of Commerce, Institute of Technology, 2024 - 2026",education
"Motivated Machine Learning Engineer with knowledge of Scikit-learn, NumPy, Power BI, SQL and a strong interest in solving real-world problems.",summary
"Project - HR Analytics Dashboard. Used Performance Management, Payroll, Communication to solve a practical problem.",projects
"Motivated Social Media Manager with knowledge of Meta Ads, Social Media Marketing, Keyword Research, Email Marketing and a strong interest in solving real-world problems.",summary
"Technical Skills: Recruitment, Payroll, HRMS, Talent Acquisition, Employee Engagement, Performance Management, Onboarding",skills
School of Management | Bachelor of Business Administration | 2020 - 2024,education
"Project - Marketing Analytics Dashboard. Used Meta Ads, SEO, Keyword Research to solve a practical problem.",projects
"Technical Skills: Keyword Research, Content Marketing, SEO, Social Media Marketing, Email Marketing, Google Analytics",skills
Worked as Business Analyst with PeopleFirst HR from 2020 to 2021.,experience
"Motivated Social Media Manager with knowledge of Meta Ads, SEO, Content Marketing, Google Analytics and a strong interest in solving real-world problems.",summary
Master of Business Administration from PES University (2019 - 2021),education
Worked as Web Developer with DataVision Analytics from 2021 to 2023.,experience
"HR Executive at PeopleFirst HR, 2021 - 2022. Worked on Onboarding related tasks.",experience
GitHub: github.com/candidate,other
"FastAPI, MySQL, MongoDB, JavaScript, CSS, HTML, Git",skills
"Project - Employee Engagement Analysis. Used Recruitment, Onboarding, Communication to solve a practical problem.",projects
"Motivated Talent Acquisition Executive with knowledge of Performance Management, HRMS, Onboarding, Communication and a strong interest in solving real-world problems.",summary
"Built Anomaly Detection System with Power BI, Pandas, Python.",projects
"Project - Anomaly Detection System. Used Scikit-learn, Matplotlib, Machine Learning to solve a practical problem.",projects
"Motivated Full Stack Developer with knowledge of JavaScript, CSS, Git, Java and a strong interest in solving real-world problems.",summary
"Master of Business Administration, Institute of Technology, 2020 - 2022",education
"Core Skills: FastAPI, MySQL, Java, HTML, JavaScript, Git, Bootstrap",skills
"Built E-Commerce Web Application with CSS, HTML, MongoDB.",projects
"Bachelor of Commerce, XYZ College, 2019 - 2022",education
"Frontend Developer at Tech Solutions Pvt Ltd, 2023 - Present. Worked on Java related tasks.",experience
"Motivated Data Analyst with knowledge of Power BI, Python, EDA, Scikit-learn and a strong interest in solving real-world problems.",summary
XYZ College | Bachelor of Commerce | 2020 - 2023,education
"Master of Computer Applications, XYZ College, 2022 - 2024",education
Worked as Data Analyst with DataVision Analytics from 2021 to 2022.,experience
Worked as SEO Specialist with ABC Technologies from 2019 to 2020.,experience
Worked as Web Developer with ABC Technologies from 2024 to 2026.,experience
"Machine Learning Engineer at ABC Technologies, 2024 - 2025. Worked on NumPy related tasks.",experience
"Motivated Full Stack Developer with knowledge of MongoDB, Java, FastAPI, Python and a strong interest in solving real-world problems.",summary
"Motivated Business Analyst with knowledge of Data Cleaning, Python, SQL, EDA and a strong interest in solving real-world problems.",summary
Worked as Full Stack Developer with ABC Technologies from 2021 to 2023.,experience
"Motivated Social Media Manager with knowledge of Keyword Research, Meta Ads, Social Media Marketing, Content Marketing and a strong interest in solving real-world problems.",summary
"Master of Computer Applications, PES University, 2021 - 2025",education
Worked as Software Developer with PeopleFirst HR from 2023 to Present.,experience
"Technical Skills: Java, MongoDB, HTML, Bootstrap, Git, JavaScript",skills
Completed AWS Cloud Practitioner Certification,certifications
"MongoDB, Python, FastAPI, Git, Java",skills
"Core Skills: Git, MySQL, CSS, Python, Java, JavaScript",skills
"Motivated Software Developer with knowledge of Java, MySQL, Git, FastAPI and a strong interest in solving real-world problems.",summary
"Motivated Talent Acquisition Executive with knowledge of Recruitment, Payroll, Employee Engagement, Performance Management and a strong interest in solving real-world problems.",summary
"Built Recruitment Tracking System with Payroll, Onboarding, Recruitment.",projects
"E-Commerce Web Application: Developed using Bootstrap, Python, FastAPI.",projects
"Git, MongoDB, JavaScript, FastAPI",skills
XYZ College | Master of Business Administration | 2018 - 2022,education
Received Employee of the Month award,achievements
ABC University | Bachelor of Commerce | 2018 - 2022,education
Award: Won first prize in college project competition,achievements
Worked as Business Analyst with Tech Solutions Pvt Ltd from 2020 to Present.,experience
Skills: Java | MySQL | CSS | Bootstrap | HTML | JavaScript,skills
"Bachelor of Science in Information Technology, PES University, 2023 - 2027",education
"Web Developer at Tech Solutions Pvt Ltd, 2020 - 2022. Worked on Java related tasks.",experience
"Technical Skills: Performance Management, HRMS, Communication, Payroll, Talent Acquisition",skills
"Web Developer at PeopleFirst HR, 2022 - Present. Worked on JavaScript related tasks.",experience
Skills: Keyword Research | Social Media Marketing | Google Analytics | Email Marketing | SEO | Google Ads,skills
"Time Series Forecasting: Developed using SQL, Scikit-learn, Machine Learning.",projects
"Built Time Series Forecasting with NumPy, Scikit-learn, Machine Learning.",projects
Worked as Web Developer with Tech Solutions Pvt Ltd from 2021 to 2023.,experience
"Core Skills: FastAPI, Bootstrap, CSS, Git, Python",skills
"Core Skills: Java, Python, FastAPI, Bootstrap, JavaScript, CSS",skills
"Built Sales Analytics Dashboard with EDA, Scikit-learn, Matplotlib.",projects
"Built SEO Optimization Project with Keyword Research, Google Analytics, Social Media Marketing.",projects
Skills: Communication | Performance Management | Talent Acquisition | Employee Engagement | Payroll,skills
"Built Service Provider System with CSS, Python, JavaScript.",projects
"Performance Management, Communication, Onboarding",skills
Bachelor of Business Administration from Institute of Technology (2023 - 2025),education
"Social Media Growth Campaign: Developed using Social Media Marketing, Keyword Research, SEO.",projects
Institute of Technology | Bachelor of Computer Applications | 2019 - 2022,education
"Built Employee Engagement Analysis with Performance Management, Onboarding, Employee Engagement.",projects
"Technical Skills: Bootstrap, MongoDB, FastAPI, HTML, JavaScript",skills
"HR Analytics Dashboard: Developed using HRMS, Talent Acquisition, Recruitment.",projects
"Motivated SEO Specialist with knowledge of Content Marketing, Google Ads, Google Analytics, SEO and a strong interest in solving real-world problems.",summary
Bachelor of Commerce from XYZ College (2018 - 2020),education
"Core Skills: Java, JavaScript, MySQL, Bootstrap, MongoDB, CSS",skills
"HR Analytics Dashboard: Developed using Employee Engagement, Communication, Onboarding.",projects
"Motivated Business Analyst with knowledge of Power BI, SQL, NumPy, EDA and a strong interest in solving real-world problems.",summary
"EDA, Scikit-learn, Pandas, Data Cleaning, NumPy, Machine Learning, Matplotlib",skills
"Motivated Digital Marketing Executive with knowledge of Content Marketing, Meta Ads, Google Ads, Google Analytics and a strong interest in solving real-world problems.",summary
"Recruiter at PeopleFirst HR, 2021 - 2022. Worked on Performance Management related tasks.",experience
"Employee Engagement Analysis: Developed using HRMS, Payroll, Onboarding.",projects
"Frontend Developer at Growth Digital Agency, 2021 - 2023. Worked on Java related tasks.",experience
"Recruiter at ABC Technologies, 2020 - 2022. Worked on Performance Management related tasks.",experience
"Master of Business Administration, PES University, 2024 - 2026",education
Worked as HR Manager with PeopleFirst HR from 2020 to 2022.,experience
"Email Marketing, Keyword Research, Meta Ads, Content Marketing, SEO, Social Media Marketing, Google Analytics",skills
"Motivated Data Scientist with knowledge of SQL, Power BI, Machine Learning, Scikit-learn and a strong interest in solving real-world problems.",summary
Worked as Marketing Executive with ABC Technologies from 2020 to Present.,experience
School of Management | Bachelor of Commerce | 2019 - 2023,education
Achievement: Received Employee of the Month award,achievements
"Motivated Social Media Manager with knowledge of Social Media Marketing, Google Ads, Keyword Research, Meta Ads and a strong interest in solving real-world problems.",summary
"Core Skills: Content Marketing, Google Analytics, Social Media Marketing",skills
"Motivated Software Developer with knowledge of CSS, MongoDB, HTML, Java and a strong interest in solving real-world problems.",summary
"Frontend Developer at ABC Technologies, 2022 - Present. Worked on MySQL related tasks.",experience
"Full Stack Developer at Growth Digital Agency, 2022 - Present. Worked on MySQL related tasks.",experience
"Project - Employee Engagement Analysis. Used HRMS, Onboarding, Talent Acquisition to solve a practical problem.",projects
"Recruiter at DataVision Analytics, 2024 - 2026. Worked on Talent Acquisition related tasks.",experience
"Motivated HR Executive with knowledge of Communication, Talent Acquisition, Performance Management, Payroll and a strong interest in solving real-world problems.",summary
Skills: Email Marketing | Google Ads | Social Media Marketing | SEO | Content Marketing,skills
Worked as Business Analyst with ABC Technologies from 2022 to Present.,experience
"Talent Acquisition, Payroll, Performance Management, Employee Engagement, HRMS, Onboarding",skills
"Technical Skills: Talent Acquisition, Performance Management, Communication, Employee Engagement, Payroll",skills
"Recruiter at ABC Technologies, 2019 - 2020. Worked on Communication related tasks.",experience
"Motivated Machine Learning Engineer with knowledge of Scikit-learn, Pandas, Data Cleaning, Machine Learning and a strong interest in solving real-world problems.",summary
"Bachelor of Computer Applications, School of Management, 2019 - 2021",education
"Bachelor of Business Administration, School of Management, 2022 - 2025",education
"Master of Business Administration, School of Management, 2019 - 2022",education
Worked as Business Analyst with DataVision Analytics from 2020 to Present.,experience
"Technical Skills: EDA, NumPy, Matplotlib",skills
Achievement: Improved campaign engagement by 35%,achievements
PES University | Bachelor of Business Administration | 2021 - 2023,education
"Talent Acquisition Executive at Growth Digital Agency, 2024 - 2026. Worked on Talent Acquisition related tasks.",experience
"Digital Marketing Executive at Tech Solutions Pvt Ltd, 2021 - 2022. Worked on SEO related tasks.",experience
"Motivated Web Developer with knowledge of HTML, CSS, FastAPI, Bootstrap and a strong interest in solving real-world problems.",summary
Skills: Google Ads | Content Marketing | SEO | Social Media Marketing | Keyword Research | Google Analytics,skills
"Project - Employee Performance Study. Used Onboarding, Employee Engagement, HRMS to solve a practical problem.",projects
Worked as SEO Specialist with Tech Solutions Pvt Ltd from 2023 to 2024.,experience
"Bachelor of Commerce, XYZ College, 2022 - 2025",education
"Motivated HR Executive with knowledge of Employee Engagement, Talent Acquisition, Performance Management, Payroll and a strong interest in solving real-world problems.",summary
School of Management | Bachelor of Science in Information Technology | 2021 - 2023,education
"Bachelor of Computer Applications, ABC University, 2022 - 2025",education
"Employee Engagement, Performance Management, Communication, Recruitment, Payroll, Talent Acquisition, HRMS",skills
"Built HR Analytics Dashboard with Recruitment, Talent Acquisition, Performance Management.",projects
"Digital Marketing Executive at Tech Solutions Pvt Ltd, 2023 - 2024. Worked on Email Marketing related tasks.",experience
"HR Manager at ABC Technologies, 2023 - Present. Worked on Recruitment related tasks.",experience
Bachelor of Computer Applications from School of Management (2018 - 2020),education
Worked as Recruiter with Growth Digital Agency from 2021 to Present.,experience
"Motivated Backend Developer with knowledge of CSS, MongoDB, FastAPI, Java and a strong interest in solving real-world problems.",summary
"Motivated SEO Specialist with knowledge of Google Ads, Social Media Marketing, Meta Ads, SEO and a strong interest in solving real-world problems.",summary
AWS Cloud Practitioner Certification,certifications
"Business Analyst at Growth Digital Agency, 2024 - 2026. Worked on Data Cleaning related tasks.",experience
"Core Skills: Content Marketing, Google Ads, SEO, Social Media Marketing, Email Marketing, Meta Ads, Google Analytics",skills
"Motivated Backend Developer with knowledge of HTML, Java, Bootstrap, Python and a strong interest in solving real-world problems.",summary
"Motivated Business Analyst with knowledge of Scikit-learn, Python, EDA, Pandas and a strong interest in solving real-world problems.",summary
"Bachelor of Science in Information Technology, School of Management, 2021 - 2024",education
"Motivated HR Manager with knowledge of Payroll, Talent Acquisition, Recruitment, Onboarding and a strong interest in solving real-world problems.",summary
"Technical Skills: Power BI, NumPy, Pandas",skills
"Built Service Provider System with HTML, FastAPI, CSS.",projects
Certification: AWS Cloud Practitioner Certification,certifications
"Core Skills: Data Cleaning, NumPy, SQL, Pandas",skills
ABC University | Master of Computer Applications | 2019 - 2023,education
"Pandas, Data Cleaning, SQL, Python, Machine Learning",skills
"Core Skills: Social Media Marketing, Google Analytics, Meta Ads, Keyword Research, Google Ads, Content Marketing",skills
"Project - Customer Churn Prediction. Used Data Cleaning, SQL, Power BI to solve a practical problem.",projects
"Motivated Talent Acquisition Executive with knowledge of HRMS, Performance Management, Talent Acquisition, Employee Engagement and a strong interest in solving real-world problems.",summary
"Inventory Management System: Developed using Python, Bootstrap, HTML.",projects
"Motivated Data Analyst with knowledge of Data Cleaning, EDA, SQL, Python and a strong interest in solving real-world problems.",summary
"Motivated Social Media Manager with knowledge of Social Media Marketing, SEO, Meta Ads, Google Ads and a strong interest in solving real-world problems.",summary
PES University | Master of Computer Applications | 2023 - 2025,education
"Motivated Marketing Executive with knowledge of Social Media Marketing, Google Analytics, Google Ads, SEO and a strong interest in solving real-world problems.",summary
"Core Skills: SQL, Pandas, NumPy, Machine Learning, Power BI, Data Cleaning",skills
"Motivated Full Stack Developer with knowledge of Python, CSS, JavaScript, MongoDB and a strong interest in solving real-world problems.",summary
"Core Skills: FastAPI, MongoDB, Python, HTML, MySQL",skills
"Built Marketing Analytics Dashboard with Social Media Marketing, Keyword Research, Email Marketing.",projects
Recognized for: Received Employee of the Month award,achievements
"Web Developer at Tech Solutions Pvt Ltd, 2020 - Present. Worked on FastAPI related tasks.",experience
"Built Inventory Management System with Git, Python, JavaScript.",projects
Worked as HR Executive with ABC Technologies from 2019 to 2020.,experience
"Motivated Full Stack Developer with knowledge of FastAPI, CSS, HTML, Bootstrap and a strong interest in solving real-world problems.",summary
"HR Executive at Growth Digital Agency, 2024 - Present. Worked on Onboarding related tasks.",experience
Skills: Git | FastAPI | Java | MongoDB | JavaScript,skills
"Business Analyst at Tech Solutions Pvt Ltd, 2023 - 2024. Worked on Matplotlib related tasks.",experience
"Technical Skills: HTML, Java, FastAPI",skills
"Motivated Digital Marketing Executive with knowledge of Google Ads, Google Analytics, Content Marketing, Keyword Research and a strong interest in solving real-world problems.",summary
Recognized for: Won first prize in college project competition,achievements
"Motivated Marketing Executive with knowledge of Content Marketing, SEO, Email Marketing, Keyword Research and a strong interest in solving real-world problems.",summary
Skills: Employee Engagement | Communication | Performance Management,skills
"Motivated Digital Marketing Executive with knowledge of Content Marketing, Email Marketing, Social Media Marketing, Keyword Research and a strong interest in solving real-world problems.",summary
Bachelor of Business Administration from School of Management (2020 - 2024),education
"Project - Employee Engagement Analysis. Used HRMS, Recruitment, Performance Management to solve a practical problem.",projects
"Motivated Marketing Executive with knowledge of Keyword Research, Social Media Marketing, Google Ads, Email Marketing and a strong interest in solving real-world problems.",summary
Bachelor of Commerce from Institute of Technology (2020 - 2023),education
"Project - Employee Performance Study. Used Performance Management, Onboarding, Talent Acquisition to solve a practical problem.",projects
"Motivated HR Executive with knowledge of HRMS, Employee Engagement, Onboarding, Communication and a strong interest in solving real-world problems.",summary
"Motivated Frontend Developer with knowledge of MySQL, Python, Java, JavaScript and a strong interest in solving real-world problems.",summary
"Talent Acquisition Executive at PeopleFirst HR, 2022 - 2024. Worked on Employee Engagement related tasks.",experience
Worked as Talent Acquisition Executive with PeopleFirst HR from 2024 to 2025.,experience
"Project - Social Media Growth Campaign. Used Meta Ads, Social Media Marketing, Email Marketing to solve a practical problem.",projects
"Core Skills: Scikit-learn, EDA, Power BI, NumPy",skills
"Master of Computer Applications, School of Management, 2023 - 2026",education
"Core Skills: Machine Learning, Power BI, Scikit-learn, EDA",skills
"Marketing Analytics Dashboard: Developed using Google Analytics, Google Ads, Content Marketing.",projects
"Bachelor of Business Administration, ABC University, 2019 - 2021",education
ABC University | Master of Computer Applications | 2021 - 2025,education
Institute of Technology | Bachelor of Commerce | 2019 - 2021,education
Skills: MySQL | FastAPI | Python | Java | CSS | JavaScript | HTML,skills
School of Management | Bachelor of Commerce | 2022 - 2024,education
"Technical Skills: Content Marketing, Google Ads, Google Analytics",skills
Worked as Digital Marketing Executive with PeopleFirst HR from 2019 to Present.,experience
"Frontend Developer at Growth Digital Agency, 2021 - 2023. Worked on Git related tasks.",experience
"Motivated Social Media Manager with knowledge of Social Media Marketing, Keyword Research, Meta Ads, Google Analytics and a strong interest in solving real-world problems.",summary
Worked as Digital Marketing Executive with Growth Digital Agency from 2024 to 2026.,experience
"HR Manager at ABC Technologies, 2019 - Present. Worked on Employee Engagement related tasks.",experience
Worked as Business Analyst with ABC Technologies from 2024 to 2025.,experience
"Social Media Growth Campaign: Developed using Social Media Marketing, Email Marketing, SEO.",projects
"Core Skills: Google Ads, Google Analytics, Keyword Research, Email Marketing, Social Media Marketing",skills
School of Management | Bachelor of Science in Information Technology | 2024 - 2026,education
School of Management | Bachelor of Science in Information Technology | 2022 - 2025,education
Bachelor of Science in Information Technology from School of Management (2020 - 2023),education
Bachelor of Commerce from PES University (2022 - 2025),education
"HR Analytics Dashboard: Developed using Onboarding, Talent Acquisition, Recruitment.",projects
Skills: Power BI | EDA | Machine Learning | Scikit-learn | Matplotlib | SQL,skills
"Built Anomaly Detection System with Power BI, Scikit-learn, Machine Learning.",projects
"Core Skills: Keyword Research, SEO, Social Media Marketing, Google Ads",skills
Completed Digital Marketing Certification,certifications
Skills: HRMS | Recruitment | Payroll | Performance Management | Employee Engagement | Communication,skills
"Built Customer Churn Prediction with Machine Learning, NumPy, Pandas.",projects
"Project - Online Booking Platform. Used Git, HTML, Java to solve a practical problem.",projects
"Project - HR Analytics Dashboard. Used Performance Management, Recruitment, HRMS to solve a practical problem.",projects
Bachelor of Business Administration from ABC University (2024 - 2028),education
"Technical Skills: Social Media Marketing, Content Marketing, Google Ads",skills
"Communication, Recruitment, Employee Engagement",skills
"Bachelor of Science in Information Technology, School of Management, 2021 - 2025",education
Award: Reduced processing time by 25%,achievements
"Motivated Digital Marketing Executive with knowledge of Meta Ads, SEO, Google Analytics, Keyword Research and a strong interest in solving real-world problems.",summary
"JavaScript, HTML, MySQL, Bootstrap, Git, MongoDB, FastAPI",skills
Master of Business Administration from Institute of Technology (2023 - 2027),education
XYZ College | Master of Computer Applications | 2020 - 2024,education
PES University | Bachelor of Business Administration | 2020 - 2023,education
"Motivated Data Scientist with knowledge of Machine Learning, SQL, NumPy, Scikit-learn and a strong interest in solving real-world problems.",summary
"Built Social Media Growth Campaign with SEO, Email Marketing, Social Media Marketing.",projects
"Motivated Talent Acquisition Executive with knowledge of Payroll, Employee Engagement, Communication, Recruitment and a strong interest in solving real-world problems.",summary
Worked as Recruiter with PeopleFirst HR from 2021 to Present.,experience
"Bachelor of Science in Information Technology, ABC University, 2020 - 2024",education
ABC University | Bachelor of Science in Information Technology | 2024 - 2027,education
"Python, Matplotlib, Scikit-learn, NumPy",skills
"Technical Skills: MySQL, MongoDB, Python, CSS, Git",skills
Master of Computer Applications from Institute of Technology (2020 - 2022),education
"Payroll, Communication, HRMS",skills
Worked as Marketing Executive with Tech Solutions Pvt Ltd from 2022 to Present.,experience
Achievement: Achieved top performer recognition,achievements
"Motivated Talent Acquisition Executive with knowledge of Onboarding, Recruitment, Performance Management, Employee Engagement and a strong interest in solving real-world problems.",summary
Worked as Frontend Developer with DataVision Analytics from 2021 to Present.,experience
"Motivated Frontend Developer with knowledge of Java, JavaScript, HTML, Git and a strong interest in solving real-world problems.",summary
"HR Analytics Dashboard: Developed using Employee Engagement, Recruitment, HRMS.",projects
Improved campaign engagement by 35%,achievements
"Technical Skills: Performance Management, Employee Engagement, Onboarding",skills
"Project - Sales Analytics Dashboard. Used Scikit-learn, Machine Learning, EDA to solve a practical problem.",projects
"Motivated Machine Learning Engineer with knowledge of Matplotlib, EDA, Python, Power BI and a strong interest in solving real-world problems.",summary
"Motivated Backend Developer with knowledge of Java, FastAPI, CSS, HTML and a strong interest in solving real-world problems.",summary
Master of Business Administration from School of Management (2018 - 2021),education
"Bachelor of Business Administration, Institute of Technology, 2019 - 2023",education
Bachelor of Commerce from XYZ College (2023 - 2026),education
"Motivated Frontend Developer with knowledge of Git, CSS, Python, Bootstrap and a strong interest in solving real-world problems.",summary
Worked as Data Analyst with DataVision Analytics from 2020 to Present.,experience
"Technical Skills: Recruitment, Communication, Onboarding, HRMS",skills
"Motivated Data Scientist with knowledge of Scikit-learn, Pandas, Data Cleaning, Matplotlib and a strong interest in solving real-world problems.",summary
Worked as Digital Marketing Executive with Tech Solutions Pvt Ltd from 2023 to Present.,experience
"Master of Computer Applications, ABC University, 2020 - 2024",education
Bachelor of Computer Applications from PES University (2022 - 2026),education
Worked as HR Executive with PeopleFirst HR from 2019 to 2021.,experience
Worked as Machine Learning Engineer with Growth Digital Agency from 2020 to Present.,experience
"Core Skills: MySQL, Python, JavaScript, CSS",skills
"Bachelor of Commerce, ABC University, 2024 - 2026",education
Skills: Talent Acquisition | Payroll | Recruitment | Communication | Performance Management,skills
"Motivated Talent Acquisition Executive with knowledge of Employee Engagement, Performance Management, Payroll, HRMS and a strong interest in solving real-world problems.",summary
"Digital Marketing Executive at DataVision Analytics, 2024 - 2026. Worked on SEO related tasks.",experience
"Project - Employee Engagement Analysis. Used Communication, Talent Acquisition, Onboarding to solve a practical problem.",projects
"Bachelor of Computer Applications, School of Management, 2023 - 2027",education
Bachelor of Science in Information Technology from Institute of Technology (2021 - 2024),education
"CSS, MySQL, Git, Java, HTML, Bootstrap",skills
"Motivated Data Scientist with knowledge of Power BI, NumPy, Scikit-learn, Data Cleaning and a strong interest in solving real-world problems.",summary
"Service Provider System: Developed using JavaScript, MySQL, Java.",projects
"Motivated HR Executive with knowledge of Performance Management, Talent Acquisition, Communication, HRMS and a strong interest in solving real-world problems.",summary
Bachelor of Computer Applications from XYZ College (2021 - 2025),education
"Built Anomaly Detection System with Matplotlib, SQL, Python.",projects
"Built Service Provider System with Git, JavaScript, Java.",projects
